"","elpd_diff","se_diff","elpd_loo","se_elpd_loo","p_loo","se_p_loo","looic","se_looic"
"G3",0,0,198.194069059608,30.9825893974269,19.9048312486658,10.2998212936993,-396.388138119217,61.9651787948538
"G4",-0.280697907737188,0.189189851161771,197.913371151871,31.1334059074758,20.115054533528,10.5351824978092,-395.826742303742,62.2668118149516
"G1",-0.824378309800831,0.666391595416772,197.369690749808,30.997404196546,20.7016302627288,10.5367607870004,-394.739381499615,61.994808393092
"G2",-1.00107422635034,1.3690633718106,197.192994833258,31.466490178688,20.5771179048856,10.9272259496352,-394.385989666516,62.9329803573761
