"","elpd_diff","se_diff","elpd_loo","se_elpd_loo","p_loo","se_p_loo","looic","se_looic"
"M5",0,0,-85.585948690029,18.1657965280724,5.93974698445093,2.17236571461506,171.171897380058,36.3315930561447
"M2",-1.16344529803805,0.45804364257019,-86.7493939880671,18.4233348439566,6.46595094326686,2.27205701017813,173.498787976134,36.8466696879133
"M7",-1.27562784526776,2.77639224235998,-86.8615765352968,18.4579209526607,5.22442720914434,1.7076932418242,173.723153070594,36.9158419053215
"M4",-1.52947632514201,0.817180305100706,-87.1154250151711,18.4348778996291,7.16138514790658,2.72364270477988,174.230850030342,36.8697557992582
"M1",-1.97231826420821,1.0292094366142,-87.5582669542373,18.4339393139653,7.19592735154943,2.36504562196162,175.116533908475,36.8678786279305
"M6",-2.08525753562324,2.9719374321603,-87.6712062256523,18.5643375302667,5.65524807932974,1.75491155966813,175.342412451305,37.1286750605334
"M3",-2.87098859789785,3.21481456355054,-88.4569372879269,18.7061561580671,6.49627000064418,1.98223150760405,176.913874575854,37.4123123161342
