"","elpd_diff","se_diff","elpd_loo","se_elpd_loo","p_loo","se_p_loo","looic","se_looic"
"M7",0,0,-170.979560357237,4.39591110491973,6.36370183671795,0.439094742882618,341.959120714474,8.79182220983947
"M6",-0.664918173447572,0.279984901970779,-171.644478530684,4.48655321697207,7.18930376076312,0.500148761683022,343.288957061368,8.97310643394413
"M5",-0.984947985944572,0.136572449608317,-171.964508343181,4.4092872623099,7.31035485706923,0.464386750246664,343.929016686363,8.81857452461979
"M3",-1.61161582201254,0.68859352302423,-172.591176179249,4.59984240969689,8.28842357825273,0.515253749559003,345.182352358499,9.19968481939378
"M2",-1.73888266398922,0.615885525972894,-172.718443021226,4.55114633750781,8.29557338328991,0.503036009121019,345.436886042452,9.10229267501561
"M4",-2.00292624405629,0.328525323301886,-172.982486601293,4.5267180533048,8.54365100664412,0.592194310244451,345.964973202586,9.05343610660961
"M1",-2.88895682904508,0.705039719436906,-173.868517186282,4.64187755267984,9.56423374159402,0.622025499826041,347.737034372564,9.28375510535968
