"","elpd_diff","se_diff","elpd_loo","se_elpd_loo","p_loo","se_p_loo","looic","se_looic"
"M6",0,0,-263.029746662932,8.06882682393467,8.94774700863055,0.509414125225763,526.059493325864,16.1376536478693
"M3",-0.482107895978116,0.991355053500925,-263.51185455891,8.18917353814668,9.68159833685215,0.552711879919648,527.02370911782,16.3783470762934
"M1",-0.721672972949666,1.20218536522868,-263.751419635882,8.29276679008316,10.7427421242521,0.640250680302474,527.502839271764,16.5855335801663
"M4",-1.06547514388612,0.420700915143123,-264.095221806818,8.13725355103609,9.99368187886285,0.587500623451446,528.190443613637,16.2745071020722
"M2",-1.65904193117244,0.947938342386356,-264.688788594105,8.04142175698815,9.77788272698104,0.569709210816552,529.37757718821,16.0828435139763
"M7",-2.15095408584631,2.67347640357907,-265.180700748779,7.75512631109639,7.86819888296554,0.424755987738863,530.361401497557,15.5102526221928
"M5",-3.1707450962764,2.69613812157941,-266.200491759209,7.86607690223974,8.90673684569145,0.529727727697263,532.400983518417,15.7321538044795
